﻿{"domains":[{"Properties":{"highvalue":true,"name":"SEQUEL.HTB","domain":"SEQUEL.HTB","objectid":"S-1-5-21-548670397-972687484-3496335370","distinguishedname":"DC=sequel,DC=htb","description":null,"functionallevel":"2016"},"Users":["S-1-5-21-548670397-972687484-3496335370-500","S-1-5-21-548670397-972687484-3496335370-501","S-1-5-21-548670397-972687484-3496335370-502","S-1-5-21-548670397-972687484-3496335370-1103","S-1-5-21-548670397-972687484-3496335370-1114","S-1-5-21-548670397-972687484-3496335370-1116","S-1-5-21-548670397-972687484-3496335370-1122","S-1-5-21-548670397-972687484-3496335370-1601","S-1-5-21-548670397-972687484-3496335370-1607"],"Computers":[],"ChildOus":["AD692C6A-3D5C-42FE-9D8E-513977B9811E"],"Trusts":[],"Links":[{"IsEnforced":false,"Guid":"60A96E07-2CDF-44B8-9147-F0E33B77649D"}],"RemoteDesktopUsers":[],"LocalAdmins":[],"DcomUsers":[],"PSRemoteUsers":[],"ObjectIdentifier":"S-1-5-21-548670397-972687484-3496335370","Aces":[{"PrincipalSID":"SEQUEL.HTB-S-1-5-32-544","PrincipalType":"Group","RightName":"Owner","AceType":"","IsInherited":false},{"PrincipalSID":"SEQUEL.HTB-S-1-5-32-544","PrincipalType":"Group","RightName":"WriteDacl","AceType":"","IsInherited":false},{"PrincipalSID":"SEQUEL.HTB-S-1-5-32-544","PrincipalType":"Group","RightName":"WriteOwner","AceType":"","IsInherited":false},{"PrincipalSID":"SEQUEL.HTB-S-1-5-32-544","PrincipalType":"Group","RightName":"ExtendedRight","AceType":"All","IsInherited":false},{"PrincipalSID":"S-1-5-21-548670397-972687484-3496335370-512","PrincipalType":"Group","RightName":"WriteDacl","AceType":"","IsInherited":false},{"PrincipalSID":"S-1-5-21-548670397-972687484-3496335370-512","PrincipalType":"Group","RightName":"WriteOwner","AceType":"","IsInherited":false},{"PrincipalSID":"S-1-5-21-548670397-972687484-3496335370-512","PrincipalType":"Group","RightName":"ExtendedRight","AceType":"All","IsInherited":false},{"PrincipalSID":"S-1-5-21-548670397-972687484-3496335370-519","PrincipalType":"Group","RightName":"GenericAll","AceType":"","IsInherited":false},{"PrincipalSID":"SEQUEL.HTB-S-1-5-9","PrincipalType":"Group","RightName":"ExtendedRight","AceType":"GetChanges","IsInherited":false},{"PrincipalSID":"SEQUEL.HTB-S-1-5-32-544","PrincipalType":"Group","RightName":"ExtendedRight","AceType":"GetChangesAll","IsInherited":false},{"PrincipalSID":"SEQUEL.HTB-S-1-5-32-544","PrincipalType":"Group","RightName":"ExtendedRight","AceType":"GetChanges","IsInherited":false},{"PrincipalSID":"S-1-5-21-548670397-972687484-3496335370-498","PrincipalType":"Group","RightName":"ExtendedRight","AceType":"GetChanges","IsInherited":false},{"PrincipalSID":"S-1-5-21-548670397-972687484-3496335370-516","PrincipalType":"Group","RightName":"ExtendedRight","AceType":"GetChangesAll","IsInherited":false}]}],"meta":{"count":1,"type":"domains","version":3}}