﻿{"ous":[{"Properties":{"highvalue":false,"name":"DOMAIN CONTROLLERS@SEQUEL.HTB","domain":"SEQUEL.HTB","objectid":"AD692C6A-3D5C-42FE-9D8E-513977B9811E","distinguishedname":"OU=Domain Controllers,DC=sequel,DC=htb","description":"Default container for domain controllers","blocksinheritance":false},"Links":[{"IsEnforced":false,"Guid":"EF597EAF-1DBB-4FAB-9FF0-AB35E2915235"}],"ACLProtected":false,"Users":[],"Computers":["S-1-5-21-548670397-972687484-3496335370-1000"],"ChildOus":[],"RemoteDesktopUsers":[],"LocalAdmins":[],"DcomUsers":[],"PSRemoteUsers":[],"ObjectIdentifier":"AD692C6A-3D5C-42FE-9D8E-513977B9811E","Aces":[{"PrincipalSID":"S-1-5-21-548670397-972687484-3496335370-512","PrincipalType":"Group","RightName":"Owner","AceType":"","IsInherited":false},{"PrincipalSID":"S-1-5-21-548670397-972687484-3496335370-512","PrincipalType":"Group","RightName":"WriteDacl","AceType":"","IsInherited":false},{"PrincipalSID":"S-1-5-21-548670397-972687484-3496335370-512","PrincipalType":"Group","RightName":"WriteOwner","AceType":"","IsInherited":false},{"PrincipalSID":"S-1-5-21-548670397-972687484-3496335370-519","PrincipalType":"Group","RightName":"GenericAll","AceType":"","IsInherited":true},{"PrincipalSID":"SEQUEL.HTB-S-1-5-32-544","PrincipalType":"Group","RightName":"WriteDacl","AceType":"","IsInherited":true},{"PrincipalSID":"SEQUEL.HTB-S-1-5-32-544","PrincipalType":"Group","RightName":"WriteOwner","AceType":"","IsInherited":true}]}],"meta":{"count":1,"type":"ous","version":3}}