﻿{"computers":[{"Properties":{"haslaps":false,"highvalue":false,"name":"DC01.SEQUEL.HTB","domain":"SEQUEL.HTB","objectid":"S-1-5-21-548670397-972687484-3496335370-1000","distinguishedname":"CN=DC01,OU=Domain Controllers,DC=sequel,DC=htb","description":null,"enabled":true,"unconstraineddelegation":true,"serviceprincipalnames":["Dfsr-12F9A27C-BF97-4787-9364-D31B6C55EB04/DC01.sequel.htb","ldap/DC01.sequel.htb/ForestDnsZones.sequel.htb","ldap/DC01.sequel.htb/DomainDnsZones.sequel.htb","DNS/DC01.sequel.htb","GC/DC01.sequel.htb/sequel.htb","RestrictedKrbHost/DC01.sequel.htb","RestrictedKrbHost/DC01","RPC/0ddc47e2-c21f-47c7-b49d-52156f64a4d7._msdcs.sequel.htb","HOST/DC01/SEQUEL","HOST/DC01.sequel.htb/SEQUEL","HOST/DC01","HOST/DC01.sequel.htb","HOST/DC01.sequel.htb/sequel.htb","E3514235-4B06-11D1-AB04-00C04FC2DCD2/0ddc47e2-c21f-47c7-b49d-52156f64a4d7/sequel.htb","ldap/DC01/SEQUEL","ldap/0ddc47e2-c21f-47c7-b49d-52156f64a4d7._msdcs.sequel.htb","ldap/DC01.sequel.htb/SEQUEL","ldap/DC01","ldap/DC01.sequel.htb","ldap/DC01.sequel.htb/sequel.htb"],"lastlogontimestamp":1739976624,"pwdlastset":1735042887,"operatingsystem":"Windows Server 2019 Standard"},"AllowedToDelegate":[],"AllowedToAct":[],"PrimaryGroupSid":"S-1-5-21-548670397-972687484-3496335370-516","Sessions":[],"LocalAdmins":[{"MemberId":"S-1-5-21-548670397-972687484-3496335370-500","MemberType":"User"},{"MemberId":"S-1-5-21-548670397-972687484-3496335370-519","MemberType":"Group"},{"MemberId":"S-1-5-21-548670397-972687484-3496335370-512","MemberType":"Group"}],"RemoteDesktopUsers":[],"DcomUsers":[],"PSRemoteUsers":[{"MemberId":"S-1-5-21-548670397-972687484-3496335370-1114","MemberType":"User"}],"ObjectIdentifier":"S-1-5-21-548670397-972687484-3496335370-1000","Aces":[{"PrincipalSID":"S-1-5-21-548670397-972687484-3496335370-512","PrincipalType":"Group","RightName":"Owner","AceType":"","IsInherited":false},{"PrincipalSID":"S-1-5-21-548670397-972687484-3496335370-512","PrincipalType":"Group","RightName":"GenericAll","AceType":"","IsInherited":false},{"PrincipalSID":"S-1-5-21-548670397-972687484-3496335370-519","PrincipalType":"Group","RightName":"GenericAll","AceType":"","IsInherited":true},{"PrincipalSID":"SEQUEL.HTB-S-1-5-32-544","PrincipalType":"Group","RightName":"WriteDacl","AceType":"","IsInherited":true},{"PrincipalSID":"SEQUEL.HTB-S-1-5-32-544","PrincipalType":"Group","RightName":"WriteOwner","AceType":"","IsInherited":true},{"PrincipalSID":"SEQUEL.HTB-S-1-5-32-544","PrincipalType":"Group","RightName":"GenericWrite","AceType":"","IsInherited":true}]}],"meta":{"count":1,"type":"computers","version":3}}