﻿{"users":[{"Properties":{"highvalue":false,"name":"ADMINISTRATOR@SEQUEL.HTB","domain":"SEQUEL.HTB","objectid":"S-1-5-21-548670397-972687484-3496335370-500","distinguishedname":"CN=Administrator,CN=Users,DC=sequel,DC=htb","description":"Built-in account for administering the computer/domain","dontreqpreauth":false,"passwordnotreqd":false,"unconstraineddelegation":false,"sensitive":false,"enabled":true,"pwdneverexpires":true,"lastlogon":1739976651,"lastlogontimestamp":1739976630,"pwdlastset":1717864340,"serviceprincipalnames":[],"hasspn":false,"displayname":null,"email":null,"title":null,"homedirectory":null,"userpassword":null,"admincount":true,"sidhistory":[]},"AllowedToDelegate":[],"SPNTargets":[],"PrimaryGroupSid":"S-1-5-21-548670397-972687484-3496335370-513","HasSIDHistory":[],"ObjectIdentifier":"S-1-5-21-548670397-972687484-3496335370-500","Aces":[{"PrincipalSID":"S-1-5-21-548670397-972687484-3496335370-512","PrincipalType":"Group","RightName":"Owner","AceType":"","IsInherited":false},{"PrincipalSID":"SEQUEL.HTB-S-1-5-32-544","PrincipalType":"Group","RightName":"WriteDacl","AceType":"","IsInherited":false},{"PrincipalSID":"SEQUEL.HTB-S-1-5-32-544","PrincipalType":"Group","RightName":"WriteOwner","AceType":"","IsInherited":false},{"PrincipalSID":"SEQUEL.HTB-S-1-5-32-544","PrincipalType":"Group","RightName":"ExtendedRight","AceType":"All","IsInherited":false},{"PrincipalSID":"SEQUEL.HTB-S-1-5-32-544","PrincipalType":"Group","RightName":"GenericWrite","AceType":"","IsInherited":false},{"PrincipalSID":"S-1-5-21-548670397-972687484-3496335370-512","PrincipalType":"Group","RightName":"WriteDacl","AceType":"","IsInherited":false},{"PrincipalSID":"S-1-5-21-548670397-972687484-3496335370-512","PrincipalType":"Group","RightName":"WriteOwner","AceType":"","IsInherited":false},{"PrincipalSID":"S-1-5-21-548670397-972687484-3496335370-512","PrincipalType":"Group","RightName":"ExtendedRight","AceType":"All","IsInherited":false},{"PrincipalSID":"S-1-5-21-548670397-972687484-3496335370-512","PrincipalType":"Group","RightName":"GenericWrite","AceType":"","IsInherited":false},{"PrincipalSID":"S-1-5-21-548670397-972687484-3496335370-519","PrincipalType":"Group","RightName":"WriteDacl","AceType":"","IsInherited":false},{"PrincipalSID":"S-1-5-21-548670397-972687484-3496335370-519","PrincipalType":"Group","RightName":"WriteOwner","AceType":"","IsInherited":false},{"PrincipalSID":"S-1-5-21-548670397-972687484-3496335370-519","PrincipalType":"Group","RightName":"ExtendedRight","AceType":"All","IsInherited":false},{"PrincipalSID":"S-1-5-21-548670397-972687484-3496335370-519","PrincipalType":"Group","RightName":"GenericWrite","AceType":"","IsInherited":false}]},{"Properties":{"highvalue":false,"name":"MICHAEL@SEQUEL.HTB","domain":"SEQUEL.HTB","objectid":"S-1-5-21-548670397-972687484-3496335370-1103","distinguishedname":"CN=Micael Scott,CN=Users,DC=sequel,DC=htb","description":null,"dontreqpreauth":false,"passwordnotreqd":false,"unconstraineddelegation":false,"sensitive":false,"enabled":true,"pwdneverexpires":true,"lastlogon":-1,"lastlogontimestamp":-1,"pwdlastset":1717865257,"serviceprincipalnames":[],"hasspn":false,"displayname":"Micael Scott","email":null,"title":null,"homedirectory":null,"userpassword":null,"admincount":false,"sidhistory":[]},"AllowedToDelegate":[],"SPNTargets":[],"PrimaryGroupSid":"S-1-5-21-548670397-972687484-3496335370-513","HasSIDHistory":[],"ObjectIdentifier":"S-1-5-21-548670397-972687484-3496335370-1103","Aces":[{"PrincipalSID":"S-1-5-21-548670397-972687484-3496335370-512","PrincipalType":"Group","RightName":"Owner","AceType":"","IsInherited":false},{"PrincipalSID":"SEQUEL.HTB-S-1-5-32-548","PrincipalType":"Group","RightName":"GenericAll","AceType":"","IsInherited":false},{"PrincipalSID":"S-1-5-21-548670397-972687484-3496335370-512","PrincipalType":"Group","RightName":"GenericAll","AceType":"","IsInherited":false},{"PrincipalSID":"S-1-5-21-548670397-972687484-3496335370-519","PrincipalType":"Group","RightName":"GenericAll","AceType":"","IsInherited":true},{"PrincipalSID":"SEQUEL.HTB-S-1-5-32-544","PrincipalType":"Group","RightName":"WriteDacl","AceType":"","IsInherited":true},{"PrincipalSID":"SEQUEL.HTB-S-1-5-32-544","PrincipalType":"Group","RightName":"WriteOwner","AceType":"","IsInherited":true},{"PrincipalSID":"SEQUEL.HTB-S-1-5-32-544","PrincipalType":"Group","RightName":"ExtendedRight","AceType":"All","IsInherited":true},{"PrincipalSID":"SEQUEL.HTB-S-1-5-32-544","PrincipalType":"Group","RightName":"GenericWrite","AceType":"","IsInherited":true}]},{"Properties":{"highvalue":false,"name":"RYAN@SEQUEL.HTB","domain":"SEQUEL.HTB","objectid":"S-1-5-21-548670397-972687484-3496335370-1114","distinguishedname":"CN=Ryan Howard,CN=Users,DC=sequel,DC=htb","description":null,"dontreqpreauth":false,"passwordnotreqd":false,"unconstraineddelegation":false,"sensitive":false,"enabled":true,"pwdneverexpires":true,"lastlogon":1739976669,"lastlogontimestamp":1739976626,"pwdlastset":1717865745,"serviceprincipalnames":[],"hasspn":false,"displayname":"Ryan Howard","email":null,"title":null,"homedirectory":null,"userpassword":null,"admincount":false,"sidhistory":[]},"AllowedToDelegate":[],"SPNTargets":[],"PrimaryGroupSid":"S-1-5-21-548670397-972687484-3496335370-513","HasSIDHistory":[],"ObjectIdentifier":"S-1-5-21-548670397-972687484-3496335370-1114","Aces":[{"PrincipalSID":"S-1-5-21-548670397-972687484-3496335370-512","PrincipalType":"Group","RightName":"Owner","AceType":"","IsInherited":false},{"PrincipalSID":"SEQUEL.HTB-S-1-5-32-548","PrincipalType":"Group","RightName":"GenericAll","AceType":"","IsInherited":false},{"PrincipalSID":"S-1-5-21-548670397-972687484-3496335370-512","PrincipalType":"Group","RightName":"GenericAll","AceType":"","IsInherited":false},{"PrincipalSID":"S-1-5-21-548670397-972687484-3496335370-519","PrincipalType":"Group","RightName":"GenericAll","AceType":"","IsInherited":true},{"PrincipalSID":"SEQUEL.HTB-S-1-5-32-544","PrincipalType":"Group","RightName":"WriteDacl","AceType":"","IsInherited":true},{"PrincipalSID":"SEQUEL.HTB-S-1-5-32-544","PrincipalType":"Group","RightName":"WriteOwner","AceType":"","IsInherited":true},{"PrincipalSID":"SEQUEL.HTB-S-1-5-32-544","PrincipalType":"Group","RightName":"ExtendedRight","AceType":"All","IsInherited":true},{"PrincipalSID":"SEQUEL.HTB-S-1-5-32-544","PrincipalType":"Group","RightName":"GenericWrite","AceType":"","IsInherited":true}]},{"Properties":{"highvalue":false,"name":"OSCAR@SEQUEL.HTB","domain":"SEQUEL.HTB","objectid":"S-1-5-21-548670397-972687484-3496335370-1116","distinguishedname":"CN=Oscar Martinez,CN=Users,DC=sequel,DC=htb","description":null,"dontreqpreauth":false,"passwordnotreqd":false,"unconstraineddelegation":false,"sensitive":false,"enabled":true,"pwdneverexpires":true,"lastlogon":1717945568,"lastlogontimestamp":1717945531,"pwdlastset":1717865796,"serviceprincipalnames":[],"hasspn":false,"displayname":"Oscar Martinez","email":null,"title":null,"homedirectory":null,"userpassword":null,"admincount":false,"sidhistory":[]},"AllowedToDelegate":[],"SPNTargets":[],"PrimaryGroupSid":"S-1-5-21-548670397-972687484-3496335370-513","HasSIDHistory":[],"ObjectIdentifier":"S-1-5-21-548670397-972687484-3496335370-1116","Aces":[{"PrincipalSID":"S-1-5-21-548670397-972687484-3496335370-512","PrincipalType":"Group","RightName":"Owner","AceType":"","IsInherited":false},{"PrincipalSID":"SEQUEL.HTB-S-1-5-32-548","PrincipalType":"Group","RightName":"GenericAll","AceType":"","IsInherited":false},{"PrincipalSID":"S-1-5-21-548670397-972687484-3496335370-512","PrincipalType":"Group","RightName":"GenericAll","AceType":"","IsInherited":false},{"PrincipalSID":"S-1-5-21-548670397-972687484-3496335370-519","PrincipalType":"Group","RightName":"GenericAll","AceType":"","IsInherited":true},{"PrincipalSID":"SEQUEL.HTB-S-1-5-32-544","PrincipalType":"Group","RightName":"WriteDacl","AceType":"","IsInherited":true},{"PrincipalSID":"SEQUEL.HTB-S-1-5-32-544","PrincipalType":"Group","RightName":"WriteOwner","AceType":"","IsInherited":true},{"PrincipalSID":"SEQUEL.HTB-S-1-5-32-544","PrincipalType":"Group","RightName":"ExtendedRight","AceType":"All","IsInherited":true},{"PrincipalSID":"SEQUEL.HTB-S-1-5-32-544","PrincipalType":"Group","RightName":"GenericWrite","AceType":"","IsInherited":true}]},{"Properties":{"highvalue":false,"name":"SQL_SVC@SEQUEL.HTB","domain":"SEQUEL.HTB","objectid":"S-1-5-21-548670397-972687484-3496335370-1122","distinguishedname":"CN=SQL Service,CN=Users,DC=sequel,DC=htb","description":null,"dontreqpreauth":false,"passwordnotreqd":false,"unconstraineddelegation":false,"sensitive":false,"enabled":true,"pwdneverexpires":true,"lastlogon":1739976655,"lastlogontimestamp":1739976655,"pwdlastset":1717919922,"serviceprincipalnames":["sequel.htb/sql_svc.DC01"],"hasspn":true,"displayname":"SQL Service","email":null,"title":null,"homedirectory":null,"userpassword":null,"admincount":false,"sidhistory":[]},"AllowedToDelegate":[],"SPNTargets":[],"PrimaryGroupSid":"S-1-5-21-548670397-972687484-3496335370-513","HasSIDHistory":[],"ObjectIdentifier":"S-1-5-21-548670397-972687484-3496335370-1122","Aces":[{"PrincipalSID":"S-1-5-21-548670397-972687484-3496335370-512","PrincipalType":"Group","RightName":"Owner","AceType":"","IsInherited":false},{"PrincipalSID":"SEQUEL.HTB-S-1-5-32-548","PrincipalType":"Group","RightName":"GenericAll","AceType":"","IsInherited":false},{"PrincipalSID":"S-1-5-21-548670397-972687484-3496335370-512","PrincipalType":"Group","RightName":"GenericAll","AceType":"","IsInherited":false},{"PrincipalSID":"S-1-5-21-548670397-972687484-3496335370-519","PrincipalType":"Group","RightName":"GenericAll","AceType":"","IsInherited":true},{"PrincipalSID":"SEQUEL.HTB-S-1-5-32-544","PrincipalType":"Group","RightName":"WriteDacl","AceType":"","IsInherited":true},{"PrincipalSID":"SEQUEL.HTB-S-1-5-32-544","PrincipalType":"Group","RightName":"WriteOwner","AceType":"","IsInherited":true},{"PrincipalSID":"SEQUEL.HTB-S-1-5-32-544","PrincipalType":"Group","RightName":"ExtendedRight","AceType":"All","IsInherited":true},{"PrincipalSID":"SEQUEL.HTB-S-1-5-32-544","PrincipalType":"Group","RightName":"GenericWrite","AceType":"","IsInherited":true}]},{"Properties":{"highvalue":false,"name":"ROSE@SEQUEL.HTB","domain":"SEQUEL.HTB","objectid":"S-1-5-21-548670397-972687484-3496335370-1601","distinguishedname":"CN=Rose Fox,CN=Users,DC=sequel,DC=htb","description":null,"dontreqpreauth":false,"passwordnotreqd":false,"unconstraineddelegation":false,"sensitive":false,"enabled":true,"pwdneverexpires":true,"lastlogon":1717944134,"lastlogontimestamp":1735919165,"pwdlastset":1735137894,"serviceprincipalnames":[],"hasspn":false,"displayname":"Rose Fox","email":null,"title":null,"homedirectory":null,"userpassword":null,"admincount":false,"sidhistory":[]},"AllowedToDelegate":[],"SPNTargets":[],"PrimaryGroupSid":"S-1-5-21-548670397-972687484-3496335370-513","HasSIDHistory":[],"ObjectIdentifier":"S-1-5-21-548670397-972687484-3496335370-1601","Aces":[{"PrincipalSID":"S-1-5-21-548670397-972687484-3496335370-512","PrincipalType":"Group","RightName":"Owner","AceType":"","IsInherited":false},{"PrincipalSID":"SEQUEL.HTB-S-1-5-32-548","PrincipalType":"Group","RightName":"GenericAll","AceType":"","IsInherited":false},{"PrincipalSID":"S-1-5-21-548670397-972687484-3496335370-512","PrincipalType":"Group","RightName":"GenericAll","AceType":"","IsInherited":false},{"PrincipalSID":"S-1-5-21-548670397-972687484-3496335370-519","PrincipalType":"Group","RightName":"GenericAll","AceType":"","IsInherited":true},{"PrincipalSID":"SEQUEL.HTB-S-1-5-32-544","PrincipalType":"Group","RightName":"WriteDacl","AceType":"","IsInherited":true},{"PrincipalSID":"SEQUEL.HTB-S-1-5-32-544","PrincipalType":"Group","RightName":"WriteOwner","AceType":"","IsInherited":true},{"PrincipalSID":"SEQUEL.HTB-S-1-5-32-544","PrincipalType":"Group","RightName":"ExtendedRight","AceType":"All","IsInherited":true},{"PrincipalSID":"SEQUEL.HTB-S-1-5-32-544","PrincipalType":"Group","RightName":"GenericWrite","AceType":"","IsInherited":true}]},{"Properties":{"highvalue":false,"name":"CA_SVC@SEQUEL.HTB","domain":"SEQUEL.HTB","objectid":"S-1-5-21-548670397-972687484-3496335370-1607","distinguishedname":"CN=Certification Authority,CN=Users,DC=sequel,DC=htb","description":null,"dontreqpreauth":false,"passwordnotreqd":false,"unconstraineddelegation":false,"sensitive":false,"enabled":true,"pwdneverexpires":true,"lastlogon":1717953282,"lastlogontimestamp":1739976702,"pwdlastset":1739976753,"serviceprincipalnames":["sequel.htb/ca_svc.DC01"],"hasspn":true,"displayname":"Certification Authority","email":null,"title":null,"homedirectory":null,"userpassword":null,"admincount":false,"sidhistory":[]},"AllowedToDelegate":[],"SPNTargets":[],"PrimaryGroupSid":"S-1-5-21-548670397-972687484-3496335370-513","HasSIDHistory":[],"ObjectIdentifier":"S-1-5-21-548670397-972687484-3496335370-1607","Aces":[{"PrincipalSID":"S-1-5-21-548670397-972687484-3496335370-512","PrincipalType":"Group","RightName":"Owner","AceType":"","IsInherited":false},{"PrincipalSID":"SEQUEL.HTB-S-1-5-32-548","PrincipalType":"Group","RightName":"GenericAll","AceType":"","IsInherited":false},{"PrincipalSID":"S-1-5-21-548670397-972687484-3496335370-512","PrincipalType":"Group","RightName":"GenericAll","AceType":"","IsInherited":false},{"PrincipalSID":"S-1-5-21-548670397-972687484-3496335370-1114","PrincipalType":"User","RightName":"WriteOwner","AceType":"","IsInherited":false},{"PrincipalSID":"S-1-5-21-548670397-972687484-3496335370-519","PrincipalType":"Group","RightName":"GenericAll","AceType":"","IsInherited":true},{"PrincipalSID":"SEQUEL.HTB-S-1-5-32-544","PrincipalType":"Group","RightName":"WriteDacl","AceType":"","IsInherited":true},{"PrincipalSID":"SEQUEL.HTB-S-1-5-32-544","PrincipalType":"Group","RightName":"WriteOwner","AceType":"","IsInherited":true},{"PrincipalSID":"SEQUEL.HTB-S-1-5-32-544","PrincipalType":"Group","RightName":"ExtendedRight","AceType":"All","IsInherited":true},{"PrincipalSID":"SEQUEL.HTB-S-1-5-32-544","PrincipalType":"Group","RightName":"GenericWrite","AceType":"","IsInherited":true}]},{"Properties":{"highvalue":false,"name":"KRBTGT@SEQUEL.HTB","domain":"SEQUEL.HTB","objectid":"S-1-5-21-548670397-972687484-3496335370-502","distinguishedname":"CN=krbtgt,CN=Users,DC=sequel,DC=htb","description":"Key Distribution Center Service Account","dontreqpreauth":false,"passwordnotreqd":false,"unconstraineddelegation":false,"sensitive":false,"enabled":false,"pwdneverexpires":false,"lastlogon":-1,"lastlogontimestamp":-1,"pwdlastset":1717864823,"serviceprincipalnames":["kadmin/changepw"],"hasspn":true,"displayname":null,"email":null,"title":null,"homedirectory":null,"userpassword":null,"admincount":true,"sidhistory":[]},"AllowedToDelegate":[],"SPNTargets":[],"PrimaryGroupSid":"S-1-5-21-548670397-972687484-3496335370-513","HasSIDHistory":[],"ObjectIdentifier":"S-1-5-21-548670397-972687484-3496335370-502","Aces":[{"PrincipalSID":"S-1-5-21-548670397-972687484-3496335370-512","PrincipalType":"Group","RightName":"Owner","AceType":"","IsInherited":false},{"PrincipalSID":"SEQUEL.HTB-S-1-5-32-544","PrincipalType":"Group","RightName":"WriteDacl","AceType":"","IsInherited":false},{"PrincipalSID":"SEQUEL.HTB-S-1-5-32-544","PrincipalType":"Group","RightName":"WriteOwner","AceType":"","IsInherited":false},{"PrincipalSID":"SEQUEL.HTB-S-1-5-32-544","PrincipalType":"Group","RightName":"ExtendedRight","AceType":"All","IsInherited":false},{"PrincipalSID":"SEQUEL.HTB-S-1-5-32-544","PrincipalType":"Group","RightName":"GenericWrite","AceType":"","IsInherited":false},{"PrincipalSID":"S-1-5-21-548670397-972687484-3496335370-512","PrincipalType":"Group","RightName":"WriteDacl","AceType":"","IsInherited":false},{"PrincipalSID":"S-1-5-21-548670397-972687484-3496335370-512","PrincipalType":"Group","RightName":"WriteOwner","AceType":"","IsInherited":false},{"PrincipalSID":"S-1-5-21-548670397-972687484-3496335370-512","PrincipalType":"Group","RightName":"ExtendedRight","AceType":"All","IsInherited":false},{"PrincipalSID":"S-1-5-21-548670397-972687484-3496335370-512","PrincipalType":"Group","RightName":"GenericWrite","AceType":"","IsInherited":false},{"PrincipalSID":"S-1-5-21-548670397-972687484-3496335370-519","PrincipalType":"Group","RightName":"WriteDacl","AceType":"","IsInherited":false},{"PrincipalSID":"S-1-5-21-548670397-972687484-3496335370-519","PrincipalType":"Group","RightName":"WriteOwner","AceType":"","IsInherited":false},{"PrincipalSID":"S-1-5-21-548670397-972687484-3496335370-519","PrincipalType":"Group","RightName":"ExtendedRight","AceType":"All","IsInherited":false},{"PrincipalSID":"S-1-5-21-548670397-972687484-3496335370-519","PrincipalType":"Group","RightName":"GenericWrite","AceType":"","IsInherited":false}]},{"Properties":{"highvalue":false,"name":"GUEST@SEQUEL.HTB","domain":"SEQUEL.HTB","objectid":"S-1-5-21-548670397-972687484-3496335370-501","distinguishedname":"CN=Guest,CN=Users,DC=sequel,DC=htb","description":"Built-in account for guest access to the computer/domain","dontreqpreauth":false,"passwordnotreqd":true,"unconstraineddelegation":false,"sensitive":false,"enabled":false,"pwdneverexpires":true,"lastlogon":-1,"lastlogontimestamp":1717931412,"pwdlastset":1735137893,"serviceprincipalnames":[],"hasspn":false,"displayname":null,"email":null,"title":null,"homedirectory":null,"userpassword":null,"admincount":false,"sidhistory":[]},"AllowedToDelegate":[],"SPNTargets":[],"PrimaryGroupSid":"S-1-5-21-548670397-972687484-3496335370-514","HasSIDHistory":[],"ObjectIdentifier":"S-1-5-21-548670397-972687484-3496335370-501","Aces":[{"PrincipalSID":"SEQUEL.HTB-S-1-5-32-544","PrincipalType":"Group","RightName":"Owner","AceType":"","IsInherited":false},{"PrincipalSID":"SEQUEL.HTB-S-1-5-32-548","PrincipalType":"Group","RightName":"GenericAll","AceType":"","IsInherited":false},{"PrincipalSID":"S-1-5-21-548670397-972687484-3496335370-512","PrincipalType":"Group","RightName":"GenericAll","AceType":"","IsInherited":false},{"PrincipalSID":"S-1-5-21-548670397-972687484-3496335370-519","PrincipalType":"Group","RightName":"GenericAll","AceType":"","IsInherited":true},{"PrincipalSID":"SEQUEL.HTB-S-1-5-32-544","PrincipalType":"Group","RightName":"WriteDacl","AceType":"","IsInherited":true},{"PrincipalSID":"SEQUEL.HTB-S-1-5-32-544","PrincipalType":"Group","RightName":"WriteOwner","AceType":"","IsInherited":true},{"PrincipalSID":"SEQUEL.HTB-S-1-5-32-544","PrincipalType":"Group","RightName":"ExtendedRight","AceType":"All","IsInherited":true},{"PrincipalSID":"SEQUEL.HTB-S-1-5-32-544","PrincipalType":"Group","RightName":"GenericWrite","AceType":"","IsInherited":true}]}],"meta":{"count":9,"type":"users","version":3}}